Filename,RA,Dec,TIC_ID,Sector,Camera,CCD,Magnitude
tesslcs_sector_12_104/2_min_cadence_targets/tesslc_430263572.pkl,242.080879430256,-55.04654260447271,430263572,12,2,4,10.33
tesslcs_sector_16_104/2_min_cadence_targets/tesslc_430530755.pkl,333.16751968483004,52.3336785245754,430530755,16,1,1,13.7245
tesslcs_sector_16_104/2_min_cadence_targets/tesslc_430677414.pkl,333.6697758413671,53.2396136328373,430677414,16,1,1,8.4171801
tesslcs_sector_16_104/2_min_cadence_targets/tesslc_430808126.pkl,333.99316370785,53.3119515055402,430808126,16,1,1,10.879
tesslcs_sector_16_104/2_min_cadence_targets/tesslc_430846854.pkl,334.02156758127893,50.0893068938048,430846854,16,1,1,11.8162
tesslcs_sector_16_104/2_min_cadence_targets/tesslc_431124333.pkl,334.93595379167687,31.2127253924655,431124333,16,1,3,10.9481
tesslcs_sector_16_104/2_min_cadence_targets/tesslc_431159508.pkl,340.246287237871,50.75787534468989,431159508,16,1,1,11.1833
tesslcs_sector_16_104/2_min_cadence_targets/tesslc_431338625.pkl,344.110857,52.131725,431338625,16,1,1,11.138
tesslcs_sector_17_104/2_min_cadence_targets/tesslc_431423983.pkl,356.463328990654,50.60627467752279,431423983,17,2,2,11.271
tesslcs_sector_24_104/2_min_cadence_targets/tesslc_431555426.pkl,357.61986131289893,50.67817367714829,431555426,24,4,3,9.6211996
tesslcs_sector_17_104/2_min_cadence_targets/tesslc_431633352.pkl,358.227466457056,48.874815205137,431633352,17,2,2,13.3466
tesslcs_sector_9_104/2_min_cadence_targets/tesslc_432168104.pkl,153.523892141609,-20.1561126351814,432168104,9,1,1,14.6511
tesslcs_sector_17_104/2_min_cadence_targets/tesslc_432549364.pkl,0.362153885472867,39.3838283730146,432549364,17,2,3,10.2242
tesslcs_sector_5_104/2_min_cadence_targets/tesslc_432610098.pkl,74.3369063489679,14.7251239053296,432610098,5,1,3,11.4797
tesslcs_sector_17_104/2_min_cadence_targets/tesslc_432761331.pkl,14.3787315015865,37.6385919394748,432761331,17,1,1,10.1459
tesslcs_sector_10_104/2_min_cadence_targets/tesslc_433277449.pkl,182.80750711922403,-57.6729036851281,433277449,10,2,2,14.9577
tesslcs_sector_17_104/2_min_cadence_targets/tesslc_433977629.pkl,342.350802315382,65.8018709213004,433977629,17,3,2,12.8016
tesslcs_sector_2_104/2_min_cadence_targets/tesslc_434097226.pkl,352.507726714582,-11.9084194061814,434097226,2,1,3,9.3146
tesslcs_sector_17_104/2_min_cadence_targets/tesslc_434214393.pkl,10.2261851243905,18.3104510565636,434214393,17,1,3,10.406
tesslcs_sector_6_104/2_min_cadence_targets/tesslc_434395855.pkl,93.8858516800654,17.3132541367593,434395855,6,1,3,13.9341
tesslcs_sector_17_104/2_min_cadence_targets/tesslc_434437489.pkl,344.920035090386,65.2111430507101,434437489,17,3,2,10.0335
tesslcs_sector_9_104/2_min_cadence_targets/tesslc_434479378.pkl,156.153196325655,-19.092488136051905,434479378,9,1,1,7.6305199
tesslcs_sector_10_104/2_min_cadence_targets/tesslc_434515577.pkl,190.062678664777,-18.8002608720014,434515577,10,1,4,8.4649
tesslcs_sector_17_104/2_min_cadence_targets/tesslc_434625997.pkl,345.5234149138,62.5120761416164,434625997,17,3,2,7.77595
tesslcs_sector_11_104/2_min_cadence_targets/tesslc_434664688.pkl,191.239112222015,-65.3192746093526,434664688,11,2,2,8.048600200000001
tesslcs_sector_17_104/2_min_cadence_targets/tesslc_434723918.pkl,345.75611412044486,63.698152467508,434723918,17,3,2,7.5955
tesslcs_sector_17_104/2_min_cadence_targets/tesslc_434893323.pkl,346.0092359942272,63.3968676467239,434893323,17,3,2,7.233699799999999
tesslcs_sector_14_104/2_min_cadence_targets/tesslc_435715608.pkl,297.482638121129,27.08518055719611,435715608,14,1,3,5.6749802
tesslcs_sector_17_104/2_min_cadence_targets/tesslc_435863262.pkl,12.017587775423,20.383022049402896,435863262,17,1,3,9.9063997
tesslcs_sector_6_104/2_min_cadence_targets/tesslc_436103335.pkl,83.8051890095425,10.2400880269109,436103335,6,1,4,5.4339499
tesslcs_sector_6_104/2_min_cadence_targets/tesslc_436158814.pkl,83.9482406578488,9.7638954298992,436158814,6,1,4,12.8722
tesslcs_sector_14_104/2_min_cadence_targets/tesslc_436168322.pkl,306.390154371204,27.369193977753696,436168322,14,1,4,9.5896997
tesslcs_sector_6_104/2_min_cadence_targets/tesslc_436243444.pkl,84.1370479457993,8.43430572900998,436243444,6,1,4,12.7323
tesslcs_sector_5_104/2_min_cadence_targets/tesslc_436592342.pkl,71.5818525095777,12.7447819550617,436592342,5,1,3,9.2052002
tesslcs_sector_5_104/2_min_cadence_targets/tesslc_436660156.pkl,72.91173343566531,13.380997410449,436660156,5,1,3,11.8065
tesslcs_sector_18_104/2_min_cadence_targets/tesslc_436863045.pkl,41.55861124476609,27.8774815066576,436863045,18,1,3,9.3054504
tesslcs_sector_18_104/2_min_cadence_targets/tesslc_436869712.pkl,42.336106540869295,26.94197392770789,436869712,18,1,3,10.3301
tesslcs_sector_18_104/2_min_cadence_targets/tesslc_436873913.pkl,42.5210350007363,25.7869018221917,436873913,18,1,3,11.4788
tesslcs_sector_7_104/2_min_cadence_targets/tesslc_437212966.pkl,123.702835996011,-20.913347295954505,437212966,7,2,3,11.315
tesslcs_sector_9_104/2_min_cadence_targets/tesslc_437248515.pkl,169.438991028327,-19.054782368966,437248515,9,1,2,11.4553
tesslcs_sector_10_104/2_min_cadence_targets/tesslc_437297176.pkl,191.472835048151,-22.6303766007725,437297176,10,1,3,7.8187599
tesslcs_sector_6_104/2_min_cadence_targets/tesslc_438071843.pkl,95.64129288309084,14.7417306786414,438071843,6,1,3,11.0767
tesslcs_sector_6_104/2_min_cadence_targets/tesslc_438212183.pkl,96.4286744302494,14.4678787140699,438212183,6,1,3,13.9685
tesslcs_sector_6_104/2_min_cadence_targets/tesslc_438490744.pkl,100.255976035327,16.589609681745802,438490744,6,1,3,14.1396
tesslcs_sector_11_104/2_min_cadence_targets/tesslc_438682877.pkl,202.220560063716,-44.68368595445029,438682877,11,2,4,10.2773
tesslcs_sector_11_104/2_min_cadence_targets/tesslc_438790187.pkl,201.77479450726287,-48.9383642298556,438790187,11,2,4,9.6927996
tesslcs_sector_11_104/2_min_cadence_targets/tesslc_438790188.pkl,201.77723698822496,-48.9382814826626,438790188,11,2,4,12.2736
tesslcs_sector_9_104/2_min_cadence_targets/tesslc_438942374.pkl,143.01276276638,-57.8586494448472,438942374,9,3,1,10.2713
tesslcs_sector_1_104/2_min_cadence_targets/tesslc_439366537.pkl,319.503160824129,-22.045419354584304,439366537,1,1,4,8.8428297
tesslcs_sector_3_104/2_min_cadence_targets/tesslc_439458951.pkl,19.2734054637267,-23.23857181239201,439458951,3,1,1,8.602000199999999
tesslcs_sector_9_104/2_min_cadence_targets/tesslc_439519959.pkl,143.460898214959,-55.9183638253625,439519959,9,3,1,10.2574
tesslcs_sector_17_104/2_min_cadence_targets/tesslc_439943228.pkl,1.1300441993288302,42.19884269101021,439943228,17,2,3,11.7917
tesslcs_sector_17_104/2_min_cadence_targets/tesslc_440003271.pkl,2.51333971649183,46.390307894491386,440003271,17,2,3,7.6834798
tesslcs_sector_17_104/2_min_cadence_targets/tesslc_440051305.pkl,3.4798574704713694,44.38469751422301,440051305,17,2,3,9.6416998
tesslcs_sector_19_104/2_min_cadence_targets/tesslc_440459327.pkl,90.5398739179347,45.690387000496905,440459327,19,1,1,8.107460000000001
tesslcs_sector_17_104/2_min_cadence_targets/tesslc_440657189.pkl,6.864951584455532,26.8369400186141,440657189,17,1,2,10.3769
tesslcs_sector_17_104/2_min_cadence_targets/tesslc_440666925.pkl,7.52420149579445,26.290677459523696,440666925,17,1,2,14.7029
tesslcs_sector_17_104/2_min_cadence_targets/tesslc_440676745.pkl,8.20452653555747,28.28024101584789,440676745,17,1,2,5.4491
tesslcs_sector_7_104/2_min_cadence_targets/tesslc_440777904.pkl,108.825080884782,14.262613792671402,440777904,7,1,4,11.3072
tesslcs_sector_7_104/2_min_cadence_targets/tesslc_440788366.pkl,109.098275461759,12.4516621770767,440788366,7,1,4,8.977600099999998
tesslcs_sector_7_104/2_min_cadence_targets/tesslc_440796977.pkl,109.258529470551,14.7801802710695,440796977,7,1,4,12.7918
tesslcs_sector_1_104/2_min_cadence_targets/tesslc_441105436.pkl,323.829732088954,-27.380466053083,441105436,1,1,3,11.6837
tesslcs_sector_4_104/2_min_cadence_targets/tesslc_441128066.pkl,39.6382512604266,-14.2990903565852,441128066,4,1,1,9.2438898
tesslcs_sector_1_104/2_min_cadence_targets/tesslc_441183795.pkl,333.8291032771752,-24.99083450004411,441183795,1,1,3,8.3745003
tesslcs_sector_1_104/2_min_cadence_targets/tesslc_441406061.pkl,310.80202401739496,-32.29317482960591,441406061,1,1,4,9.4763002
tesslcs_sector_1_104/2_min_cadence_targets/tesslc_441422527.pkl,311.29884511589887,-35.166420589894,441422527,1,1,4,6.1732001
tesslcs_sector_2_104/2_min_cadence_targets/tesslc_441464221.pkl,353.245236834901,-19.7111174374274,441464221,2,1,3,9.1084995
tesslcs_sector_20_104/2_min_cadence_targets/tesslc_441567967.pkl,108.998932478868,73.3224144292792,441567967,20,2,2,7.2419
tesslcs_sector_20_104/2_min_cadence_targets/tesslc_441602378.pkl,115.974449774431,74.68773156253259,441602378,20,2,2,9.8977003
tesslcs_sector_20_104/2_min_cadence_targets/tesslc_441608578.pkl,117.419284030827,77.4279128438147,441608578,20,3,1,10.5946
tesslcs_sector_15_104/2_min_cadence_targets/tesslc_441641972.pkl,209.806888673698,56.24544045214621,441641972,15,4,1,9.1494102
tesslcs_sector_15_104/2_min_cadence_targets/tesslc_441687696.pkl,212.011302172362,56.530000245206,441687696,15,4,1,11.4364
tesslcs_sector_15_104/2_min_cadence_targets/tesslc_441690583.pkl,212.623785315656,54.9128686283746,441690583,15,4,1,11.2509
tesslcs_sector_15_104/2_min_cadence_targets/tesslc_441694629.pkl,213.327801448668,54.6891153142563,441694629,15,4,1,10.2702
tesslcs_sector_15_104/2_min_cadence_targets/tesslc_441732151.pkl,257.876722380867,72.1355064085563,441732151,15,3,2,10.1688
tesslcs_sector_14_104/2_min_cadence_targets/tesslc_441734144.pkl,258.558159916703,76.70397497339809,441734144,14,3,3,10.5879
tesslcs_sector_14_104/2_min_cadence_targets/tesslc_441739153.pkl,259.425679977692,72.10270414404148,441739153,14,3,2,9.0532999
tesslcs_sector_26_104/2_min_cadence_targets/tesslc_441764197.pkl,261.0262370359429,73.91050782407359,441764197,26,3,4,11.4037
tesslcs_sector_24_104/2_min_cadence_targets/tesslc_441794509.pkl,263.598848681812,74.4722587998312,441794509,24,3,1,12.1783
tesslcs_sector_24_104/2_min_cadence_targets/tesslc_441794509.pkl,263.598848681812,74.4722587998312,441794509,24,3,1,12.1783
tesslcs_sector_14_104/2_min_cadence_targets/tesslc_441804674.pkl,266.045477566202,72.05077743645109,441804674,14,3,2,9.0269203
tesslcs_sector_14_104/2_min_cadence_targets/tesslc_441804888.pkl,265.850349805049,72.6112124191943,441804888,14,3,2,11.2603
tesslcs_sector_14_104/2_min_cadence_targets/tesslc_441808796.pkl,266.495443886318,72.6360836259835,441808796,14,3,2,11.2512
tesslcs_sector_12_104/2_min_cadence_targets/tesslc_442567883.pkl,236.887550139143,-33.390911685019304,442567883,12,1,4,10.5185
tesslcs_sector_12_104/2_min_cadence_targets/tesslc_442829369.pkl,238.927175579522,-33.1102560514512,442829369,12,1,4,8.9741001
tesslcs_sector_5_104/2_min_cadence_targets/tesslc_442918617.pkl,80.4624558461324,-13.7556817422712,442918617,5,2,3,6.690800200000001
tesslcs_sector_6_104/2_min_cadence_targets/tesslc_443055162.pkl,95.0596800347048,-10.7250086082088,443055162,6,2,3,7.094500099999999
tesslcs_sector_6_104/2_min_cadence_targets/tesslc_443117794.pkl,95.2324471957106,-6.036462052757031,443117794,6,1,2,14.1046
tesslcs_sector_6_104/2_min_cadence_targets/tesslc_443174527.pkl,95.88127644002329,-7.86203963218582,443174527,6,2,3,7.9393300999999985
tesslcs_sector_9_104/2_min_cadence_targets/tesslc_443494351.pkl,146.78338222116002,-54.20400811662361,443494351,9,3,1,8.964799900000003
tesslcs_sector_9_104/2_min_cadence_targets/tesslc_443494454.pkl,146.80505969005804,-54.48574723029351,443494454,9,3,1,10.9445
tesslcs_sector_7_104/2_min_cadence_targets/tesslc_443969553.pkl,130.918288037623,9.687427341234889,443969553,7,1,3,8.4993
tesslcs_sector_16_104/2_min_cadence_targets/tesslc_444062991.pkl,234.551026405894,49.1970343671135,444062991,16,4,1,9.0189896
tesslcs_sector_18_104/2_min_cadence_targets/tesslc_444801274.pkl,25.4791486800044,64.3425390157757,444801274,18,2,1,11.5077
tesslcs_sector_24_104/2_min_cadence_targets/tesslc_444827931.pkl,25.6279621961983,62.6144204013233,444827931,24,4,4,13.4447
tesslcs_sector_20_104/2_min_cadence_targets/tesslc_445067946.pkl,130.725595569273,58.0582223290592,445067946,20,2,4,11.3706
tesslcs_sector_20_104/2_min_cadence_targets/tesslc_445069009.pkl,131.04599105159,54.396515441624,445069009,20,2,4,12.4703
tesslcs_sector_23_104/2_min_cadence_targets/tesslc_445074203.pkl,198.530602958872,25.3588349643084,445074203,23,2,3,12.3722
tesslcs_sector_17_104/2_min_cadence_targets/tesslc_445133704.pkl,11.1275894395221,54.0042308768342,445133704,17,2,1,10.640999999999998
tesslcs_sector_17_104/2_min_cadence_targets/tesslc_445287089.pkl,12.6638976055369,58.1508686954033,445287089,17,2,1,11.5809
tesslcs_sector_18_104/2_min_cadence_targets/tesslc_445646082.pkl,36.491699024828094,56.1027810754675,445646082,18,2,4,7.8333998
tesslcs_sector_19_104/2_min_cadence_targets/tesslc_445715549.pkl,85.33247887166459,55.93676766816221,445715549,19,2,4,11.1785
tesslcs_sector_21_104/2_min_cadence_targets/tesslc_445829772.pkl,173.087323923488,49.736019116615104,445829772,21,2,1,11.4498
tesslcs_sector_15_104/2_min_cadence_targets/tesslc_445836238.pkl,187.548635263808,63.88903280919379,445836238,15,4,3,8.4912901
tesslcs_sector_24_104/2_min_cadence_targets/tesslc_445879719.pkl,234.512632316873,29.487211077888603,445879719,24,1,4,9.539400099999998
tesslcs_sector_24_104/2_min_cadence_targets/tesslc_445882146.pkl,234.55774608531,27.960028225072,445882146,24,1,4,12.138
tesslcs_sector_5_104/2_min_cadence_targets/tesslc_445921773.pkl,57.362518974331,11.144367852446802,445921773,5,1,4,7.01266
tesslcs_sector_4_104/2_min_cadence_targets/tesslc_445924091.pkl,47.8445232505591,9.18395480849885,445924091,4,1,3,11.3997
tesslcs_sector_5_104/2_min_cadence_targets/tesslc_445932196.pkl,77.5714563089717,9.54847022340865,445932196,5,1,3,11.9948
tesslcs_sector_16_104/2_min_cadence_targets/tesslc_446175401.pkl,201.721964546526,45.5463019531787,446175401,16,4,3,10.857
tesslcs_sector_9_104/2_min_cadence_targets/tesslc_446832107.pkl,156.302167294795,-53.4841472106132,446832107,9,3,1,10.5544
tesslcs_sector_12_104/2_min_cadence_targets/tesslc_446872386.pkl,232.22270164215496,-66.4922357523569,446872386,12,2,1,9.4250002
tesslcs_sector_11_104/2_min_cadence_targets/tesslc_448727889.pkl,213.005347054807,-70.1752169261566,448727889,11,2,2,7.9573002000000015
tesslcs_sector_11_104/2_min_cadence_targets/tesslc_448852739.pkl,214.023665,-69.293311,448852739,11,2,2,9.3570004
tesslcs_sector_11_104/2_min_cadence_targets/tesslc_448913059.pkl,214.464346700548,-68.0470199710236,448913059,11,2,2,7.0123
tesslcs_sector_5_104/2_min_cadence_targets/tesslc_450089997.pkl,72.14063354618898,8.593314086210691,450089997,5,1,3,9.2468004
tesslcs_sector_5_104/2_min_cadence_targets/tesslc_450104319.pkl,73.73488499999998,8.600113999999998,450104319,5,1,3,6.820000200000001
tesslcs_sector_5_104/2_min_cadence_targets/tesslc_450109281.pkl,74.6313384094135,7.758257123879469,450109281,5,1,3,11.9905
tesslcs_sector_10_104/2_min_cadence_targets/tesslc_450276745.pkl,168.799076720149,-59.4161826997391,450276745,10,3,1,8.8163996
tesslcs_sector_10_104/2_min_cadence_targets/tesslc_450637853.pkl,169.086491005,-54.4538706549448,450637853,10,2,2,8.7419004
tesslcs_sector_11_104/2_min_cadence_targets/tesslc_450918869.pkl,187.274919,-62.466694,450918869,11,2,1,8.588999699999999
tesslcs_sector_11_104/2_min_cadence_targets/tesslc_451211626.pkl,210.313485509352,-34.9650563906793,451211626,11,1,1,14.762
tesslcs_sector_10_104/2_min_cadence_targets/tesslc_451282261.pkl,170.967092541961,-59.492179655129,451282261,10,3,1,9.3118
tesslcs_sector_10_104/2_min_cadence_targets/tesslc_451960523.pkl,173.023555975114,-59.622688336922906,451960523,10,3,1,13.9113
tesslcs_sector_10_104/2_min_cadence_targets/tesslc_452172479.pkl,173.80911436141704,-55.901744313820494,452172479,10,2,2,12.6258
tesslcs_sector_10_104/2_min_cadence_targets/tesslc_452406965.pkl,137.48409690961398,-76.9817056564586,452406965,10,3,4,12.1242
tesslcs_sector_10_104/2_min_cadence_targets/tesslc_452500843.pkl,140.424849358044,-73.3150358522831,452500843,10,3,4,10.9568
tesslcs_sector_15_104/2_min_cadence_targets/tesslc_452544997.pkl,307.7250005267452,25.651338981244887,452544997,15,1,3,11.4505
tesslcs_sector_10_104/2_min_cadence_targets/tesslc_452575636.pkl,142.665247634857,-77.6009721577615,452575636,10,3,4,8.598500300000001
tesslcs_sector_10_104/2_min_cadence_targets/tesslc_452631268.pkl,143.971239171982,-74.93876633069918,452631268,10,3,4,9.5177002
tesslcs_sector_10_104/2_min_cadence_targets/tesslc_452734608.pkl,195.47262753186897,-19.7746554648032,452734608,10,1,3,7.721700200000001
tesslcs_sector_5_104/2_min_cadence_targets/tesslc_452786194.pkl,68.4694029214114,1.67179602130244,452786194,5,1,2,8.9259701
tesslcs_sector_7_104/2_min_cadence_targets/tesslc_452845139.pkl,120.325330720679,2.5691954835107498,452845139,7,1,3,11.6689
tesslcs_sector_7_104/2_min_cadence_targets/tesslc_452895993.pkl,121.013551073677,4.02574911363019,452895993,7,1,3,8.1014996
tesslcs_sector_7_104/2_min_cadence_targets/tesslc_452955107.pkl,122.125822252579,0.132181820722829,452955107,7,1,2,8.587829600000001
tesslcs_sector_17_104/2_min_cadence_targets/tesslc_453012065.pkl,9.256529230140783,55.2172268321422,453012065,17,2,1,5.6893902
tesslcs_sector_8_104/2_min_cadence_targets/tesslc_453059861.pkl,145.86358471863002,2.62753312303819,453059861,8,1,3,6.9746599
tesslcs_sector_9_104/2_min_cadence_targets/tesslc_453095485.pkl,113.869865156203,-67.687662439524,453095485,9,4,1,12.0826
tesslcs_sector_9_104/2_min_cadence_targets/tesslc_453097744.pkl,113.885239431707,-71.4814600186827,453097744,9,4,1,11.4147
tesslcs_sector_17_104/2_min_cadence_targets/tesslc_453152562.pkl,10.7254187634891,55.3298285433502,453152562,17,2,1,13.4575
tesslcs_sector_21_104/2_min_cadence_targets/tesslc_453426326.pkl,146.34425929292,48.07932013252461,453426326,21,2,3,10.7849
tesslcs_sector_21_104/2_min_cadence_targets/tesslc_453431591.pkl,147.302690459394,52.1007925371519,453431591,21,2,3,11.3633
tesslcs_sector_11_104/2_min_cadence_targets/tesslc_453784977.pkl,199.20568662078696,-45.8169759065043,453784977,11,2,4,9.201999699999998
tesslcs_sector_11_104/2_min_cadence_targets/tesslc_453785266.pkl,199.183621637998,-46.0021179054513,453785266,11,2,4,10.3756
tesslcs_sector_5_104/2_min_cadence_targets/tesslc_453831755.pkl,56.80636553618589,5.43993311976411,453831755,5,1,4,8.962719900000002
tesslcs_sector_10_104/2_min_cadence_targets/tesslc_454013359.pkl,175.30078441850395,-37.7915603161904,454013359,10,2,4,8.9951
tesslcs_sector_12_104/2_min_cadence_targets/tesslc_454058066.pkl,225.633430997422,-64.961647254841,454058066,12,2,1,8.2937002
tesslcs_sector_5_104/2_min_cadence_targets/tesslc_455064763.pkl,77.2156383872865,2.82104175515732,455064763,5,1,2,10.7946
tesslcs_sector_7_104/2_min_cadence_targets/tesslc_455153566.pkl,124.610646379524,2.04453863427078,455153566,7,1,3,10.8162
tesslcs_sector_7_104/2_min_cadence_targets/tesslc_455178154.pkl,124.697905323262,0.283503682268034,455178154,7,1,2,9.0452995
tesslcs_sector_17_104/2_min_cadence_targets/tesslc_455732776.pkl,357.280250210701,39.80028199515221,455732776,17,2,3,10.2895
tesslcs_sector_17_104/2_min_cadence_targets/tesslc_455755453.pkl,357.56803623239,39.0173963883726,455755453,17,2,3,9.9181004
tesslcs_sector_17_104/2_min_cadence_targets/tesslc_455769191.pkl,359.74086829584394,40.7921872944238,455769191,17,2,3,8.27318
tesslcs_sector_16_104/2_min_cadence_targets/tesslc_455790537.pkl,346.345186642685,47.676310639793385,455790537,16,1,4,10.7435
tesslcs_sector_16_104/2_min_cadence_targets/tesslc_455824124.pkl,322.467262275887,64.9212726037527,455824124,16,2,4,9.6934996
tesslcs_sector_16_104/2_min_cadence_targets/tesslc_455991789.pkl,340.212873318221,62.0481947128105,455991789,16,2,4,8.472000099999999
tesslcs_sector_24_104/2_min_cadence_targets/tesslc_456033358.pkl,340.471183979422,63.7564394565288,456033358,24,4,2,11.8837
tesslcs_sector_20_104/2_min_cadence_targets/tesslc_456260074.pkl,101.492328427485,66.8907328805347,456260074,20,2,2,9.0448999
tesslcs_sector_20_104/2_min_cadence_targets/tesslc_456260162.pkl,101.350511684173,67.0690075421586,456260162,20,2,2,10.1978
tesslcs_sector_20_104/2_min_cadence_targets/tesslc_456263109.pkl,101.870032781432,69.6291042630571,456263109,20,2,2,8.2433996
tesslcs_sector_20_104/2_min_cadence_targets/tesslc_456307422.pkl,133.8554536065,53.7589959512582,456307422,20,2,4,11.9823
tesslcs_sector_13_104/2_min_cadence_targets/tesslc_456517808.pkl,281.92312813829,-50.83703267966471,456517808,13,1,1,10.2524
tesslcs_sector_13_104/2_min_cadence_targets/tesslc_456609929.pkl,282.3517441910172,-59.42059121113271,456609929,13,2,4,8.7194004
tesslcs_sector_17_104/2_min_cadence_targets/tesslc_456905229.pkl,26.2229199415096,19.85679936589929,456905229,17,1,4,8.086500200000001
tesslcs_sector_20_104/2_min_cadence_targets/tesslc_457127187.pkl,133.962518742981,64.97265627242889,457127187,20,2,1,9.4537697
tesslcs_sector_21_104/2_min_cadence_targets/tesslc_457139088.pkl,141.448607143851,49.4541738573444,457139088,21,2,3,11.1564
tesslcs_sector_5_104/2_min_cadence_targets/tesslc_457172621.pkl,57.705704468686896,3.4292591431368704,457172621,5,1,4,11.8408
tesslcs_sector_5_104/2_min_cadence_targets/tesslc_457173024.pkl,57.6747549618145,1.5639491669700605,457173024,5,1,1,6.2497001
tesslcs_sector_10_104/2_min_cadence_targets/tesslc_457427613.pkl,157.397389422638,-57.9663824732656,457427613,10,3,2,5.25
tesslcs_sector_10_104/2_min_cadence_targets/tesslc_458199516.pkl,159.512451781514,-56.8172033938686,458199516,10,3,2,5.2290001
tesslcs_sector_10_104/2_min_cadence_targets/tesslc_458259927.pkl,159.531909156886,-59.7722125350284,458259927,10,3,1,9.5319004
tesslcs_sector_14_104/2_min_cadence_targets/tesslc_458461293.pkl,232.183626415686,71.3183812468564,458461293,14,3,4,10.0263
tesslcs_sector_10_104/2_min_cadence_targets/tesslc_458474559.pkl,160.043702211916,-54.4555525013074,458474559,10,3,2,10.6989
tesslcs_sector_21_104/2_min_cadence_targets/tesslc_458479571.pkl,233.197330861874,65.40738464906471,458479571,21,3,3,10.2527
tesslcs_sector_14_104/2_min_cadence_targets/tesslc_458481461.pkl,233.462749553225,63.9071407480291,458481461,14,3,4,7.143869900000001
tesslcs_sector_24_104/2_min_cadence_targets/tesslc_458490358.pkl,240.06044616749,35.2088011762792,458490358,24,1,1,11.2093
tesslcs_sector_10_104/2_min_cadence_targets/tesslc_458808688.pkl,160.980811103301,-56.0256428363662,458808688,10,3,2,10.9359
tesslcs_sector_18_104/2_min_cadence_targets/tesslc_458842028.pkl,35.51656789676651,65.53784506568691,458842028,18,2,1,9.737999900000002
tesslcs_sector_18_104/2_min_cadence_targets/tesslc_458847254.pkl,35.442441234747,63.5763064081876,458847254,18,2,1,13.286
tesslcs_sector_10_104/2_min_cadence_targets/tesslc_458859193.pkl,161.284314100424,-59.7686044373579,458859193,10,3,1,8.8802996
tesslcs_sector_10_104/2_min_cadence_targets/tesslc_458859364.pkl,161.300919860023,-59.7501221737985,458859364,10,3,1,7.4436002
tesslcs_sector_18_104/2_min_cadence_targets/tesslc_458875828.pkl,35.7980840302966,60.8306052132465,458875828,18,2,1,9.1657
tesslcs_sector_22_104/2_min_cadence_targets/tesslc_459190726.pkl,179.382053106487,37.163211334543,459190726,22,2,3,8.736180300000001
tesslcs_sector_16_104/2_min_cadence_targets/tesslc_459252372.pkl,219.577843527148,43.8487888707644,459252372,16,4,4,11.5258
tesslcs_sector_24_104/2_min_cadence_targets/tesslc_459278502.pkl,235.991361,22.339768,459278502,24,1,4,7.401
tesslcs_sector_21_104/2_min_cadence_targets/tesslc_459789367.pkl,144.52799757678102,56.018691400479405,459789367,21,2,3,9.9764996
tesslcs_sector_10_104/2_min_cadence_targets/tesslc_459809633.pkl,163.461688313358,-58.31210750088351,459809633,10,3,1,12.7412
tesslcs_sector_5_104/2_min_cadence_targets/tesslc_459971813.pkl,75.1395868217302,4.44028254802629,459971813,5,1,2,11.8605
tesslcs_sector_11_104/2_min_cadence_targets/tesslc_461271719.pkl,203.16661636190497,-38.8459281424864,461271719,11,1,1,8.7823
tesslcs_sector_18_104/2_min_cadence_targets/tesslc_461579405.pkl,0.933510479976132,86.1116991881224,461579405,18,3,3,14.1856
tesslcs_sector_20_104/2_min_cadence_targets/tesslc_461660512.pkl,124.162857788941,51.3483858536689,461660512,20,2,4,12.023
tesslcs_sector_20_104/2_min_cadence_targets/tesslc_461662295.pkl,124.446930639269,51.010580115737,461662295,20,2,4,9.92871
tesslcs_sector_20_104/2_min_cadence_targets/tesslc_461662516.pkl,124.363884513143,51.8630392023847,461662516,20,2,4,9.1242399
tesslcs_sector_4_104/2_min_cadence_targets/tesslc_461713146.pkl,59.7421838810013,-17.2295885558866,461713146,4,2,3,9.3437004
tesslcs_sector_9_104/2_min_cadence_targets/tesslc_462267926.pkl,150.681152850622,-56.7245263169773,462267926,9,3,1,11.5064
tesslcs_sector_9_104/2_min_cadence_targets/tesslc_462785373.pkl,152.12263148377198,-57.7222060218674,462785373,9,3,1,8.8620996
tesslcs_sector_13_104/2_min_cadence_targets/tesslc_464422047.pkl,282.264499770402,-63.2695279866328,464422047,13,2,4,7.2561002
tesslcs_sector_5_104/2_min_cadence_targets/tesslc_464772659.pkl,60.648699143686,5.86017989648154,464772659,5,1,4,10.2376
tesslcs_sector_5_104/2_min_cadence_targets/tesslc_464806209.pkl,70.49048121021859,5.6094988294269,464806209,5,1,3,8.5130997
tesslcs_sector_6_104/2_min_cadence_targets/tesslc_464838153.pkl,82.08678330680391,3.64240396853096,464838153,6,1,1,10.7715
tesslcs_sector_12_104/2_min_cadence_targets/tesslc_465088681.pkl,263.402178,-37.103752,465088681,12,1,3,2.513
tesslcs_sector_19_104/2_min_cadence_targets/tesslc_467113954.pkl,90.6138860158228,52.1439907509541,467113954,19,1,1,10.8877
tesslcs_sector_10_104/2_min_cadence_targets/tesslc_467167691.pkl,167.864156282638,-65.6298756140442,467167691,10,3,1,9.3037004
tesslcs_sector_16_104/2_min_cadence_targets/tesslc_467181063.pkl,291.7966,59.2774,467181063,16,2,2,13.661
tesslcs_sector_24_104/2_min_cadence_targets/tesslc_467294853.pkl,309.19390157538294,61.2279208468036,467294853,24,3,3,12.6746
tesslcs_sector_17_104/2_min_cadence_targets/tesslc_467354611.pkl,326.598001550405,77.3721473902925,467354611,17,3,3,9.0951405
tesslcs_sector_18_104/2_min_cadence_targets/tesslc_467574373.pkl,48.09704903089371,34.9921776934347,467574373,18,1,4,8.3438196
tesslcs_sector_19_104/2_min_cadence_targets/tesslc_467722869.pkl,61.92612779589211,33.0603252038165,467722869,19,1,3,8.8169003
tesslcs_sector_10_104/2_min_cadence_targets/tesslc_468162834.pkl,170.472508638065,-65.4628505569221,468162834,10,3,1,11.3816
tesslcs_sector_18_104/2_min_cadence_targets/tesslc_468293391.pkl,7.11653291877985,78.9618491743828,468293391,18,3,2,10.0277
tesslcs_sector_18_104/2_min_cadence_targets/tesslc_468343249.pkl,12.4355267025504,77.8931424691521,468343249,18,3,2,11.5374
tesslcs_sector_16_104/2_min_cadence_targets/tesslc_468792279.pkl,332.31333198103,44.84647747035271,468792279,16,1,2,6.7554402
tesslcs_sector_19_104/2_min_cadence_targets/tesslc_468827257.pkl,91.9091119892062,69.7296629118044,468827257,19,2,1,10.5894
tesslcs_sector_5_104/2_min_cadence_targets/tesslc_468887783.pkl,56.6761185766744,9.90783494036923,468887783,5,1,4,9.0747299
tesslcs_sector_7_104/2_min_cadence_targets/tesslc_468948126.pkl,106.875392039543,6.77441355991701,468948126,7,1,4,10.4343
tesslcs_sector_7_104/2_min_cadence_targets/tesslc_468958374.pkl,107.692902494738,7.897299259886823,468958374,7,1,4,10.1701
tesslcs_sector_7_104/2_min_cadence_targets/tesslc_468958384.pkl,107.708604859001,7.905986646560341,468958384,7,1,4,13.2499
tesslcs_sector_9_104/2_min_cadence_targets/tesslc_468997317.pkl,144.023866022223,-51.744669025160206,468997317,9,3,1,8.1350002
tesslcs_sector_15_104/2_min_cadence_targets/tesslc_469460566.pkl,307.888007899513,59.1748646964326,469460566,15,2,4,11.1113
tesslcs_sector_16_104/2_min_cadence_targets/tesslc_469857617.pkl,330.10499721442886,59.6917546884375,469857617,16,2,4,11.4763
tesslcs_sector_17_104/2_min_cadence_targets/tesslc_469863969.pkl,330.0473902642072,58.08361100830879,469863969,17,3,1,14.6224
tesslcs_sector_1_104/2_min_cadence_targets/tesslc_469970988.pkl,1.57020453025448,-64.2404790251166,469970988,1,3,1,7.534800099999999
tesslcs_sector_1_104/2_min_cadence_targets/tesslc_469979014.pkl,342.274875155734,-69.5671849816806,469979014,1,3,2,12.2478
tesslcs_sector_18_104/2_min_cadence_targets/tesslc_470085533.pkl,326.59296685658893,80.0898786806288,470085533,18,3,3,10.5341
tesslcs_sector_18_104/2_min_cadence_targets/tesslc_470124714.pkl,330.562911445005,81.54203281859219,470124714,18,3,3,8.9233398
tesslcs_sector_18_104/2_min_cadence_targets/tesslc_470152814.pkl,332.265079505877,80.71296401320029,470152814,18,3,3,9.8542995
tesslcs_sector_24_104/2_min_cadence_targets/tesslc_470208013.pkl,339.9202084672631,78.0839450628884,470208013,24,4,1,10.0301
tesslcs_sector_19_104/2_min_cadence_targets/tesslc_470275219.pkl,64.46323473694049,51.726874928233,470275219,19,2,3,13.0048
tesslcs_sector_19_104/2_min_cadence_targets/tesslc_470283916.pkl,64.520752685676,47.9971092592993,470283916,19,1,2,12.7999
tesslcs_sector_19_104/2_min_cadence_targets/tesslc_470314334.pkl,64.5536413318641,52.402492491081496,470314334,19,2,3,9.6358995
tesslcs_sector_19_104/2_min_cadence_targets/tesslc_470358759.pkl,65.0479674333243,50.9209364293281,470358759,19,1,2,5.5739002
tesslcs_sector_19_104/2_min_cadence_targets/tesslc_470391356.pkl,65.3533566574354,52.9501085739335,470391356,19,2,3,10.5288
tesslcs_sector_17_104/2_min_cadence_targets/tesslc_470710327.pkl,357.329052373724,61.9627867228284,470710327,17,3,2,9.2299995
tesslcs_sector_18_104/2_min_cadence_targets/tesslc_470937126.pkl,47.5690883242976,55.5962397071594,470937126,18,2,4,14.7113
tesslcs_sector_20_104/2_min_cadence_targets/tesslc_470966839.pkl,97.2286833303682,52.1258421452379,470966839,20,1,2,6.813600099999999
tesslcs_sector_20_104/2_min_cadence_targets/tesslc_470975994.pkl,110.972084377339,49.917534823348,470975994,20,1,2,11.3694
tesslcs_sector_1_104/2_min_cadence_targets/tesslc_471013508.pkl,342.274817,-69.567189,471013508,1,3,2,12.9
tesslcs_sector_17_104/2_min_cadence_targets/tesslc_601366244.pkl,11.0469335555442,46.235556607026304,601366244,17,2,4,7.4195099
tesslcs_sector_19_104/2_min_cadence_targets/tesslc_661540044.pkl,67.2166437611371,30.3615500081914,661540044,19,1,3,5.8870001
tesslcs_sector_19_104/2_min_cadence_targets/tesslc_664915372.pkl,61.8931503705624,38.0745400991883,664915372,19,1,3,6.5039001
tesslcs_sector_16_104/2_min_cadence_targets/tesslc_1102093577.pkl,225.946790168283,47.653977238932,1102093577,16,4,1,4.567500099999998
tesslcs_sector_14_104/2_min_cadence_targets/tesslc_1400770435.pkl,264.961576963016,56.0789162515969,1400770435,14,2,2,8.88797
tesslcs_sector_14_104/2_min_cadence_targets/tesslc_1883519478.pkl,294.67159650139,54.9737894621676,1883519478,14,2,1,5.4538002
tesslcs_sector_16_104/2_min_cadence_targets/tesslc_1981434198.pkl,316.12157122334094,70.7645142798072,1981434198,16,2,1,8.998629600000003
tesslcs_sector_17_104/2_min_cadence_targets/tesslc_1981621672.pkl,309.340103529568,75.60052476757798,1981621672,17,3,3,6.657499799999999
